{
    "lag_1": 0.49739137291908264,
    "lag_7": 0.020369742065668106,
    "lag_14": 0.014476231299340725,
    "lag_21": 0.013746336102485657,
    "lag_28": 0.012909488752484322,
    "lag_30": 0.013197815977036953,
    "lag_365": 0.016477534547448158,
    "rolling_mean_7": 0.0732613354921341,
    "rolling_mean_14": 0.022401733323931694,
    "dow_sin": 0.160524383187294,
    "dow_cos": 0.1116906926035881,
    "month_sin": 0.017528396099805832,
    "month_cos": 0.026024920865893364
}