{
    "MAE": 34543.53917457806,
    "RMSE": 47112.189381175165,
    "R2": 0.8221514968029494
}